<beans xmlns="http://www.springframework.org/schema/beans"
       xmlns:xsi="http://www.w3.org/2001/XMLSchema-instance"
       xmlns:tx="http://www.springframework.org/schema/tx"
       xmlns:context="http://www.springframework.org/schema/context"
       xsi:schemaLocation="http://www.springframework.org/schema/beans
                http://www.springframework.org/schema/beans/spring-beans.xsd
                http://www.springframework.org/schema/context
                http://www.springframework.org/schema/context/spring-context.xsd
                http://www.springframework.org/schema/tx
                http://www.springframework.org/schema/tx/spring-tx.xsd">

    <tx:annotation-driven />

    <!-- Ensures scans all annotations -->
    <context:component-scan base-package="com.spring.security.social.login.example"/>

    <!-- Ensures that configuration properties are read from a property file -->
    <context:property-placeholder location="classpath:application.properties"/>

    <bean
            class="org.springframework.web.servlet.view.InternalResourceViewResolver">
        <property name="prefix">
            <value>/WEB-INF/pages/</value>
        </property>
        <property name="suffix">
            <value>.jsp</value>
        </property>
    </bean>

    <bean
            class="org.springframework.web.servlet.mvc.annotation.AnnotationMethodHandlerAdapter">
        <property name="messageConverters">
            <list>
                <bean class="org.springframework.http.converter.json.MappingJackson2HttpMessageConverter">
                    <constructor-arg name="objectMapper" ref="jacksonObjectMapper" />
                </bean>
            </list>
        </property>
    </bean>

    <bean id="jacksonObjectMapper" class="com.fasterxml.jackson.databind.ObjectMapper"/>

    <!-- data source, sessionfactory, hiberate template & transaction manager -->
    <bean id="dataSource" class="org.springframework.jdbc.datasource.DriverManagerDataSource">
        <property name="driverClassName" value="${database.driver}"></property>
        <property name="url" value="${database.url}"></property>
        <property name="username" value="${database.username}"></property>
        <property name="password" value="${database.password}"></property>
    </bean>
    <bean id="loginSessionFactory"
          class="org.springframework.orm.hibernate4.LocalSessionFactoryBean">
        <property name="dataSource" ref="dataSource"/>
        <property name="packagesToScan" value="com.spring.security.social.login.example"/>
        <property name="hibernateProperties">
            <props>
                <prop key="hibernate.hbm2ddl.auto">
                    ${hibernate.dialect}
                </prop>
                <prop key="hibernate.hbm2ddl.auto">
                    ${hibernate.hbm2ddl.auto}
                </prop>
                <prop key="hibernate.show_sql">
                    ${hibernate.show.sql}
                </prop>
            </props>
        </property>
    </bean>
    <bean id="transactionManager" class="org.springframework.orm.hibernate4.HibernateTransactionManager">
        <property name="sessionFactory" ref="loginSessionFactory"/>
    </bean>
    <bean id="hibernateTemplate" class="org.springframework.orm.hibernate4.HibernateTemplate">
        <property name="sessionFactory" ref="loginSessionFactory"/>
    </bean>
</beans>